<?xml version="1.0" encoding="UTF-8" standalone="no"?>
<Dealership>
    <Entry>
        <dealership_id>0</dealership_id>
        <name>Muller, Lowe and Sanford</name>
        <email>rachael.bashirian@gmail.com</email>
        <phone_number>200.677.0072</phone_number>
        <address>Apt. 872 31771 Kathe Bypass, Rogahnchester, GA 88376-3031</address>
    </Entry>
    <Entry>
        <dealership_id>1</dealership_id>
        <name>Greenholt-Barton</name>
        <email>chery.prohaska@hotmail.com</email>
        <phone_number>457.060.9260 x22228</phone_number>
        <address>Apt. 232 30731 Glennis Vista, Tillmanshire, GA 48581-5906</address>
    </Entry>
    <Entry>
        <dealership_id>2</dealership_id>
        <name>Dach LLC</name>
        <email>charlette.klein@yahoo.com</email>
        <phone_number>1-999-330-1404 x276</phone_number>
        <address>1260 Loren Causeway, Vicenteshire, GA 47985-2549</address>
    </Entry>
    <Entry>
        <dealership_id>3</dealership_id>
        <name>Schaden, Rice and Connelly</name>
        <email>kacey.bode@hotmail.com</email>
        <phone_number>690-283-1519</phone_number>
        <address>Apt. 092 19937 Alisa Passage, Bergstromtown, TX 02187</address>
    </Entry>
    <Entry>
        <dealership_id>4</dealership_id>
        <name>Leannon-Adams</name>
        <email>lionel.heathcote@gmail.com</email>
        <phone_number>(884) 244-4086</phone_number>
        <address>40133 Grady Rapids, East Rhett, AL 84479</address>
    </Entry>
    <Entry>
        <dealership_id>5</dealership_id>
        <name>Ortiz Group</name>
        <email>kerry.boyer@hotmail.com</email>
        <phone_number>211.296.0476</phone_number>
        <address>19834 Gregg Bridge, Aldenberg, MN 87479-2480</address>
    </Entry>
    <Entry>
        <dealership_id>6</dealership_id>
        <name>Haley-Nitzsche</name>
        <email>jeff.cassin@gmail.com</email>
        <phone_number>(660) 776-0091 x03031</phone_number>
        <address>Suite 640 8732 Doyle Vista, Goodwinberg, MO 88543</address>
    </Entry>
    <Entry>
        <dealership_id>7</dealership_id>
        <name>Hackett, Dach and Hahn</name>
        <email>ma.mann@hotmail.com</email>
        <phone_number>(839) 056-8640 x657</phone_number>
        <address>278 Kiehn Drive, South Earle, CT 23889-9315</address>
    </Entry>
    <Entry>
        <dealership_id>8</dealership_id>
        <name>Hackett and Sons</name>
        <email>li.waters@gmail.com</email>
        <phone_number>422.544.4264</phone_number>
        <address>Suite 226 69415 Anderson Ville, Lake Margoshire, WI 12733</address>
    </Entry>
    <Entry>
        <dealership_id>9</dealership_id>
        <name>Hansen, Maggio and Emard</name>
        <email>jeraldine.hirthe@yahoo.com</email>
        <phone_number>1-906-552-1619 x2677</phone_number>
        <address>Suite 118 368 Swaniawski Viaduct, Larkinhaven, NV 33888</address>
    </Entry>
    <Entry>
        <dealership_id>10</dealership_id>
        <name>Daniel-Lind</name>
        <email>dottie.schuster@gmail.com</email>
        <phone_number>896.559.7124 x950</phone_number>
        <address>Suite 392 63094 Kunde Isle, Osinskifort, OR 12048-3152</address>
    </Entry>
    <Entry>
        <dealership_id>11</dealership_id>
        <name>Simonis, Boyle and Casper</name>
        <email>roberto.kris@hotmail.com</email>
        <phone_number>181-917-7050 x242</phone_number>
        <address>Suite 976 1252 Patrick Ranch, Tenniemouth, NH 40407-0440</address>
    </Entry>
    <Entry>
        <dealership_id>12</dealership_id>
        <name>Sporer, Ferry and Sawayn</name>
        <email>ayanna.daugherty@yahoo.com</email>
        <phone_number>947-207-2280</phone_number>
        <address>066 Israel Flat, North Adelaidaland, VA 24296</address>
    </Entry>
    <Entry>
        <dealership_id>13</dealership_id>
        <name>Schmeler-Zboncak</name>
        <email>son.corwin@gmail.com</email>
        <phone_number>1-832-228-5605</phone_number>
        <address>Apt. 269 7446 Simone Islands, Brandenmouth, MA 74247</address>
    </Entry>
    <Entry>
        <dealership_id>14</dealership_id>
        <name>Hirthe, Feeney and Hirthe</name>
        <email>curt.franecki@yahoo.com</email>
        <phone_number>729-062-1027 x7073</phone_number>
        <address>Suite 936 36448 Edgardo Drives, Debroahfurt, ME 47048</address>
    </Entry>
    <Entry>
        <dealership_id>15</dealership_id>
        <name>Baumbach Group</name>
        <email>gina.kulas@hotmail.com</email>
        <phone_number>927.656.2315</phone_number>
        <address>000 Jerrod Island, North Elaine, AR 81598</address>
    </Entry>
    <Entry>
        <dealership_id>16</dealership_id>
        <name>Oberbrunner, Hegmann and Kris</name>
        <email>charley.willms@yahoo.com</email>
        <phone_number>101.733.4943 x872</phone_number>
        <address>Apt. 035 1009 Lebsack Extension, Janycestad, IN 70261-2500</address>
    </Entry>
    <Entry>
        <dealership_id>17</dealership_id>
        <name>Reichel, Bahringer and Conroy</name>
        <email>henriette.mitchell@hotmail.com</email>
        <phone_number>791.620.5166</phone_number>
        <address>79363 Nader Shoal, North Ashly, IN 69119</address>
    </Entry>
    <Entry>
        <dealership_id>18</dealership_id>
        <name>Dicki and Sons</name>
        <email>branden.leannon@yahoo.com</email>
        <phone_number>(525) 710-5824 x72523</phone_number>
        <address>2676 Gorczany Villages, Dustyborough, GA 43651-7282</address>
    </Entry>
    <Entry>
        <dealership_id>19</dealership_id>
        <name>Anderson, Effertz and Cormier</name>
        <email>jeremy.monahan@gmail.com</email>
        <phone_number>432-029-4562</phone_number>
        <address>Apt. 904 667 Lucila Mission, Cronashire, FL 86229-4812</address>
    </Entry>
</Dealership>
