<?xml version="1.0" encoding="UTF-8" standalone="no"?>
<Database name="myDatabase">
    <Table name="Car">
        <pathToTable>C:\Users\f7ifsut\Downloads\driver-comparison\src\main\resources\myDatabase\Car.xml</pathToTable>
        <pathToSchema>C:\Users\f7ifsut\Downloads\driver-comparison\src\main\resources\myDatabase\Car.xsd</pathToSchema>
    </Table>
    <Table name="Dealership">
        <pathToTable>C:\Users\f7ifsut\Downloads\driver-comparison\src\main\resources\myDatabase\Dealership.xml</pathToTable>
        <pathToSchema>C:\Users\f7ifsut\Downloads\driver-comparison\src\main\resources\myDatabase\Dealership.xsd</pathToSchema>
    </Table>
    <Table name="Owner">
        <pathToTable>C:\Users\f7ifsut\Downloads\driver-comparison\src\main\resources\myDatabase\Owner.xml</pathToTable>
        <pathToSchema>C:\Users\f7ifsut\Downloads\driver-comparison\src\main\resources\myDatabase\Owner.xsd</pathToSchema>
    </Table>
    <Table name="Sales">
        <pathToTable>C:\Users\f7ifsut\Downloads\driver-comparison\src\main\resources\myDatabase\Sales.xml</pathToTable>
        <pathToSchema>C:\Users\f7ifsut\Downloads\driver-comparison\src\main\resources\myDatabase\Sales.xsd</pathToSchema>
    </Table>
    <Table name="Service">
        <pathToTable>C:\Users\f7ifsut\Downloads\driver-comparison\src\main\resources\myDatabase\Service.xml</pathToTable>
        <pathToSchema>C:\Users\f7ifsut\Downloads\driver-comparison\src\main\resources\myDatabase\Service.xsd</pathToSchema>
    </Table>
</Database>
